{
  "opcodes": {
    "1": {
      "name": "POP_TOP",
      "description": "Opcode POP_TOP (numeric code 1) in Python 3.10.",
      "description_vi": "Mã lệnh POP_TOP (số 1) trong Python 3.10.",
      "has_arg": false,
      "stack_effect_noarg": -1,
      "stack_effect_with_arg": null
    },
    "2": {
      "name": "ROT_TWO",
      "description": "Opcode ROT_TWO (numeric code 2) in Python 3.10.",
      "description_vi": "Mã lệnh ROT_TWO (số 2) trong Python 3.10.",
      "has_arg": false,
      "stack_effect_noarg": 0,
      "stack_effect_with_arg": null
    },
    "3": {
      "name": "ROT_THREE",
      "description": "Opcode ROT_THREE (numeric code 3) in Python 3.10.",
      "description_vi": "Mã lệnh ROT_THREE (số 3) trong Python 3.10.",
      "has_arg": false,
      "stack_effect_noarg": 0,
      "stack_effect_with_arg": null
    },
    "4": {
      "name": "DUP_TOP",
      "description": "Opcode DUP_TOP (numeric code 4) in Python 3.10.",
      "description_vi": "Mã lệnh DUP_TOP (số 4) trong Python 3.10.",
      "has_arg": false,
      "stack_effect_noarg": 1,
      "stack_effect_with_arg": null
    },
    "5": {
      "name": "DUP_TOP_TWO",
      "description": "Opcode DUP_TOP_TWO (numeric code 5) in Python 3.10.",
      "description_vi": "Mã lệnh DUP_TOP_TWO (số 5) trong Python 3.10.",
      "has_arg": false,
      "stack_effect_noarg": 2,
      "stack_effect_with_arg": null
    },
    "6": {
      "name": "ROT_FOUR",
      "description": "Opcode ROT_FOUR (numeric code 6) in Python 3.10.",
      "description_vi": "Mã lệnh ROT_FOUR (số 6) trong Python 3.10.",
      "has_arg": false,
      "stack_effect_noarg": 0,
      "stack_effect_with_arg": null
    },
    "9": {
      "name": "NOP",
      "description": "Opcode NOP (numeric code 9) in Python 3.10.",
      "description_vi": "Mã lệnh NOP (số 9) trong Python 3.10.",
      "has_arg": false,
      "stack_effect_noarg": 0,
      "stack_effect_with_arg": null
    },
    "10": {
      "name": "UNARY_POSITIVE",
      "description": "Opcode UNARY_POSITIVE (numeric code 10) in Python 3.10.",
      "description_vi": "Mã lệnh UNARY_POSITIVE (số 10) trong Python 3.10.",
      "has_arg": false,
      "stack_effect_noarg": 0,
      "stack_effect_with_arg": null
    },
    "11": {
      "name": "UNARY_NEGATIVE",
      "description": "Opcode UNARY_NEGATIVE (numeric code 11) in Python 3.10.",
      "description_vi": "Mã lệnh UNARY_NEGATIVE (số 11) trong Python 3.10.",
      "has_arg": false,
      "stack_effect_noarg": 0,
      "stack_effect_with_arg": null
    },
    "12": {
      "name": "UNARY_NOT",
      "description": "Opcode UNARY_NOT (numeric code 12) in Python 3.10.",
      "description_vi": "Mã lệnh UNARY_NOT (số 12) trong Python 3.10.",
      "has_arg": false,
      "stack_effect_noarg": 0,
      "stack_effect_with_arg": null
    },
    "15": {
      "name": "UNARY_INVERT",
      "description": "Opcode UNARY_INVERT (numeric code 15) in Python 3.10.",
      "description_vi": "Mã lệnh UNARY_INVERT (số 15) trong Python 3.10.",
      "has_arg": false,
      "stack_effect_noarg": 0,
      "stack_effect_with_arg": null
    },
    "16": {
      "name": "BINARY_MATRIX_MULTIPLY",
      "description": "Opcode BINARY_MATRIX_MULTIPLY (numeric code 16) in Python 3.10.",
      "description_vi": "Mã lệnh BINARY_MATRIX_MULTIPLY (số 16) trong Python 3.10.",
      "has_arg": false,
      "stack_effect_noarg": -1,
      "stack_effect_with_arg": null
    },
    "17": {
      "name": "INPLACE_MATRIX_MULTIPLY",
      "description": "Opcode INPLACE_MATRIX_MULTIPLY (numeric code 17) in Python 3.10.",
      "description_vi": "Mã lệnh INPLACE_MATRIX_MULTIPLY (số 17) trong Python 3.10.",
      "has_arg": false,
      "stack_effect_noarg": -1,
      "stack_effect_with_arg": null
    },
    "19": {
      "name": "BINARY_POWER",
      "description": "Opcode BINARY_POWER (numeric code 19) in Python 3.10.",
      "description_vi": "Mã lệnh BINARY_POWER (số 19) trong Python 3.10.",
      "has_arg": false,
      "stack_effect_noarg": -1,
      "stack_effect_with_arg": null
    },
    "20": {
      "name": "BINARY_MULTIPLY",
      "description": "Opcode BINARY_MULTIPLY (numeric code 20) in Python 3.10.",
      "description_vi": "Mã lệnh BINARY_MULTIPLY (số 20) trong Python 3.10.",
      "has_arg": false,
      "stack_effect_noarg": -1,
      "stack_effect_with_arg": null
    },
    "22": {
      "name": "BINARY_MODULO",
      "description": "Opcode BINARY_MODULO (numeric code 22) in Python 3.10.",
      "description_vi": "Mã lệnh BINARY_MODULO (số 22) trong Python 3.10.",
      "has_arg": false,
      "stack_effect_noarg": -1,
      "stack_effect_with_arg": null
    },
    "23": {
      "name": "BINARY_ADD",
      "description": "Opcode BINARY_ADD (numeric code 23) in Python 3.10.",
      "description_vi": "Mã lệnh BINARY_ADD (số 23) trong Python 3.10.",
      "has_arg": false,
      "stack_effect_noarg": -1,
      "stack_effect_with_arg": null
    },
    "24": {
      "name": "BINARY_SUBTRACT",
      "description": "Opcode BINARY_SUBTRACT (numeric code 24) in Python 3.10.",
      "description_vi": "Mã lệnh BINARY_SUBTRACT (số 24) trong Python 3.10.",
      "has_arg": false,
      "stack_effect_noarg": -1,
      "stack_effect_with_arg": null
    },
    "25": {
      "name": "BINARY_SUBSCR",
      "description": "Opcode BINARY_SUBSCR (numeric code 25) in Python 3.10.",
      "description_vi": "Mã lệnh BINARY_SUBSCR (số 25) trong Python 3.10.",
      "has_arg": false,
      "stack_effect_noarg": -1,
      "stack_effect_with_arg": null
    },
    "26": {
      "name": "BINARY_FLOOR_DIVIDE",
      "description": "Opcode BINARY_FLOOR_DIVIDE (numeric code 26) in Python 3.10.",
      "description_vi": "Mã lệnh BINARY_FLOOR_DIVIDE (số 26) trong Python 3.10.",
      "has_arg": false,
      "stack_effect_noarg": -1,
      "stack_effect_with_arg": null
    },
    "27": {
      "name": "BINARY_TRUE_DIVIDE",
      "description": "Opcode BINARY_TRUE_DIVIDE (numeric code 27) in Python 3.10.",
      "description_vi": "Mã lệnh BINARY_TRUE_DIVIDE (số 27) trong Python 3.10.",
      "has_arg": false,
      "stack_effect_noarg": -1,
      "stack_effect_with_arg": null
    },
    "28": {
      "name": "INPLACE_FLOOR_DIVIDE",
      "description": "Opcode INPLACE_FLOOR_DIVIDE (numeric code 28) in Python 3.10.",
      "description_vi": "Mã lệnh INPLACE_FLOOR_DIVIDE (số 28) trong Python 3.10.",
      "has_arg": false,
      "stack_effect_noarg": -1,
      "stack_effect_with_arg": null
    },
    "29": {
      "name": "INPLACE_TRUE_DIVIDE",
      "description": "Opcode INPLACE_TRUE_DIVIDE (numeric code 29) in Python 3.10.",
      "description_vi": "Mã lệnh INPLACE_TRUE_DIVIDE (số 29) trong Python 3.10.",
      "has_arg": false,
      "stack_effect_noarg": -1,
      "stack_effect_with_arg": null
    },
    "30": {
      "name": "GET_LEN",
      "description": "Opcode GET_LEN (numeric code 30) in Python 3.10.",
      "description_vi": "Mã lệnh GET_LEN (số 30) trong Python 3.10.",
      "has_arg": false,
      "stack_effect_noarg": 1,
      "stack_effect_with_arg": null
    },
    "31": {
      "name": "MATCH_MAPPING",
      "description": "Opcode MATCH_MAPPING (numeric code 31) in Python 3.10.",
      "description_vi": "Mã lệnh MATCH_MAPPING (số 31) trong Python 3.10.",
      "has_arg": false,
      "stack_effect_noarg": 1,
      "stack_effect_with_arg": null
    },
    "32": {
      "name": "MATCH_SEQUENCE",
      "description": "Opcode MATCH_SEQUENCE (numeric code 32) in Python 3.10.",
      "description_vi": "Mã lệnh MATCH_SEQUENCE (số 32) trong Python 3.10.",
      "has_arg": false,
      "stack_effect_noarg": 1,
      "stack_effect_with_arg": null
    },
    "33": {
      "name": "MATCH_KEYS",
      "description": "Opcode MATCH_KEYS (numeric code 33) in Python 3.10.",
      "description_vi": "Mã lệnh MATCH_KEYS (số 33) trong Python 3.10.",
      "has_arg": false,
      "stack_effect_noarg": 2,
      "stack_effect_with_arg": null
    },
    "34": {
      "name": "COPY_DICT_WITHOUT_KEYS",
      "description": "Opcode COPY_DICT_WITHOUT_KEYS (numeric code 34) in Python 3.10.",
      "description_vi": "Mã lệnh COPY_DICT_WITHOUT_KEYS (số 34) trong Python 3.10.",
      "has_arg": false,
      "stack_effect_noarg": 0,
      "stack_effect_with_arg": null
    },
    "49": {
      "name": "WITH_EXCEPT_START",
      "description": "Opcode WITH_EXCEPT_START (numeric code 49) in Python 3.10.",
      "description_vi": "Mã lệnh WITH_EXCEPT_START (số 49) trong Python 3.10.",
      "has_arg": false,
      "stack_effect_noarg": 1,
      "stack_effect_with_arg": null
    },
    "50": {
      "name": "GET_AITER",
      "description": "Opcode GET_AITER (numeric code 50) in Python 3.10.",
      "description_vi": "Mã lệnh GET_AITER (số 50) trong Python 3.10.",
      "has_arg": false,
      "stack_effect_noarg": 0,
      "stack_effect_with_arg": null
    },
    "51": {
      "name": "GET_ANEXT",
      "description": "Opcode GET_ANEXT (numeric code 51) in Python 3.10.",
      "description_vi": "Mã lệnh GET_ANEXT (số 51) trong Python 3.10.",
      "has_arg": false,
      "stack_effect_noarg": 1,
      "stack_effect_with_arg": null
    },
    "52": {
      "name": "BEFORE_ASYNC_WITH",
      "description": "Opcode BEFORE_ASYNC_WITH (numeric code 52) in Python 3.10.",
      "description_vi": "Mã lệnh BEFORE_ASYNC_WITH (số 52) trong Python 3.10.",
      "has_arg": false,
      "stack_effect_noarg": 1,
      "stack_effect_with_arg": null
    },
    "54": {
      "name": "END_ASYNC_FOR",
      "description": "Opcode END_ASYNC_FOR (numeric code 54) in Python 3.10.",
      "description_vi": "Mã lệnh END_ASYNC_FOR (số 54) trong Python 3.10.",
      "has_arg": false,
      "stack_effect_noarg": -7,
      "stack_effect_with_arg": null
    },
    "55": {
      "name": "INPLACE_ADD",
      "description": "Opcode INPLACE_ADD (numeric code 55) in Python 3.10.",
      "description_vi": "Mã lệnh INPLACE_ADD (số 55) trong Python 3.10.",
      "has_arg": false,
      "stack_effect_noarg": -1,
      "stack_effect_with_arg": null
    },
    "56": {
      "name": "INPLACE_SUBTRACT",
      "description": "Opcode INPLACE_SUBTRACT (numeric code 56) in Python 3.10.",
      "description_vi": "Mã lệnh INPLACE_SUBTRACT (số 56) trong Python 3.10.",
      "has_arg": false,
      "stack_effect_noarg": -1,
      "stack_effect_with_arg": null
    },
    "57": {
      "name": "INPLACE_MULTIPLY",
      "description": "Opcode INPLACE_MULTIPLY (numeric code 57) in Python 3.10.",
      "description_vi": "Mã lệnh INPLACE_MULTIPLY (số 57) trong Python 3.10.",
      "has_arg": false,
      "stack_effect_noarg": -1,
      "stack_effect_with_arg": null
    },
    "59": {
      "name": "INPLACE_MODULO",
      "description": "Opcode INPLACE_MODULO (numeric code 59) in Python 3.10.",
      "description_vi": "Mã lệnh INPLACE_MODULO (số 59) trong Python 3.10.",
      "has_arg": false,
      "stack_effect_noarg": -1,
      "stack_effect_with_arg": null
    },
    "60": {
      "name": "STORE_SUBSCR",
      "description": "Opcode STORE_SUBSCR (numeric code 60) in Python 3.10.",
      "description_vi": "Mã lệnh STORE_SUBSCR (số 60) trong Python 3.10.",
      "has_arg": false,
      "stack_effect_noarg": -3,
      "stack_effect_with_arg": null
    },
    "61": {
      "name": "DELETE_SUBSCR",
      "description": "Opcode DELETE_SUBSCR (numeric code 61) in Python 3.10.",
      "description_vi": "Mã lệnh DELETE_SUBSCR (số 61) trong Python 3.10.",
      "has_arg": false,
      "stack_effect_noarg": -2,
      "stack_effect_with_arg": null
    },
    "62": {
      "name": "BINARY_LSHIFT",
      "description": "Opcode BINARY_LSHIFT (numeric code 62) in Python 3.10.",
      "description_vi": "Mã lệnh BINARY_LSHIFT (số 62) trong Python 3.10.",
      "has_arg": false,
      "stack_effect_noarg": -1,
      "stack_effect_with_arg": null
    },
    "63": {
      "name": "BINARY_RSHIFT",
      "description": "Opcode BINARY_RSHIFT (numeric code 63) in Python 3.10.",
      "description_vi": "Mã lệnh BINARY_RSHIFT (số 63) trong Python 3.10.",
      "has_arg": false,
      "stack_effect_noarg": -1,
      "stack_effect_with_arg": null
    },
    "64": {
      "name": "BINARY_AND",
      "description": "Opcode BINARY_AND (numeric code 64) in Python 3.10.",
      "description_vi": "Mã lệnh BINARY_AND (số 64) trong Python 3.10.",
      "has_arg": false,
      "stack_effect_noarg": -1,
      "stack_effect_with_arg": null
    },
    "65": {
      "name": "BINARY_XOR",
      "description": "Opcode BINARY_XOR (numeric code 65) in Python 3.10.",
      "description_vi": "Mã lệnh BINARY_XOR (số 65) trong Python 3.10.",
      "has_arg": false,
      "stack_effect_noarg": -1,
      "stack_effect_with_arg": null
    },
    "66": {
      "name": "BINARY_OR",
      "description": "Opcode BINARY_OR (numeric code 66) in Python 3.10.",
      "description_vi": "Mã lệnh BINARY_OR (số 66) trong Python 3.10.",
      "has_arg": false,
      "stack_effect_noarg": -1,
      "stack_effect_with_arg": null
    },
    "67": {
      "name": "INPLACE_POWER",
      "description": "Opcode INPLACE_POWER (numeric code 67) in Python 3.10.",
      "description_vi": "Mã lệnh INPLACE_POWER (số 67) trong Python 3.10.",
      "has_arg": false,
      "stack_effect_noarg": -1,
      "stack_effect_with_arg": null
    },
    "68": {
      "name": "GET_ITER",
      "description": "Opcode GET_ITER (numeric code 68) in Python 3.10.",
      "description_vi": "Mã lệnh GET_ITER (số 68) trong Python 3.10.",
      "has_arg": false,
      "stack_effect_noarg": 0,
      "stack_effect_with_arg": null
    },
    "69": {
      "name": "GET_YIELD_FROM_ITER",
      "description": "Opcode GET_YIELD_FROM_ITER (numeric code 69) in Python 3.10.",
      "description_vi": "Mã lệnh GET_YIELD_FROM_ITER (số 69) trong Python 3.10.",
      "has_arg": false,
      "stack_effect_noarg": 0,
      "stack_effect_with_arg": null
    },
    "70": {
      "name": "PRINT_EXPR",
      "description": "Opcode PRINT_EXPR (numeric code 70) in Python 3.10.",
      "description_vi": "Mã lệnh PRINT_EXPR (số 70) trong Python 3.10.",
      "has_arg": false,
      "stack_effect_noarg": -1,
      "stack_effect_with_arg": null
    },
    "71": {
      "name": "LOAD_BUILD_CLASS",
      "description": "Opcode LOAD_BUILD_CLASS (numeric code 71) in Python 3.10.",
      "description_vi": "Mã lệnh LOAD_BUILD_CLASS (số 71) trong Python 3.10.",
      "has_arg": false,
      "stack_effect_noarg": 1,
      "stack_effect_with_arg": null
    },
    "72": {
      "name": "YIELD_FROM",
      "description": "Opcode YIELD_FROM (numeric code 72) in Python 3.10.",
      "description_vi": "Mã lệnh YIELD_FROM (số 72) trong Python 3.10.",
      "has_arg": false,
      "stack_effect_noarg": -1,
      "stack_effect_with_arg": null
    },
    "73": {
      "name": "GET_AWAITABLE",
      "description": "Opcode GET_AWAITABLE (numeric code 73) in Python 3.10.",
      "description_vi": "Mã lệnh GET_AWAITABLE (số 73) trong Python 3.10.",
      "has_arg": false,
      "stack_effect_noarg": 0,
      "stack_effect_with_arg": null
    },
    "74": {
      "name": "LOAD_ASSERTION_ERROR",
      "description": "Opcode LOAD_ASSERTION_ERROR (numeric code 74) in Python 3.10.",
      "description_vi": "Mã lệnh LOAD_ASSERTION_ERROR (số 74) trong Python 3.10.",
      "has_arg": false,
      "stack_effect_noarg": 1,
      "stack_effect_with_arg": null
    },
    "75": {
      "name": "INPLACE_LSHIFT",
      "description": "Opcode INPLACE_LSHIFT (numeric code 75) in Python 3.10.",
      "description_vi": "Mã lệnh INPLACE_LSHIFT (số 75) trong Python 3.10.",
      "has_arg": false,
      "stack_effect_noarg": -1,
      "stack_effect_with_arg": null
    },
    "76": {
      "name": "INPLACE_RSHIFT",
      "description": "Opcode INPLACE_RSHIFT (numeric code 76) in Python 3.10.",
      "description_vi": "Mã lệnh INPLACE_RSHIFT (số 76) trong Python 3.10.",
      "has_arg": false,
      "stack_effect_noarg": -1,
      "stack_effect_with_arg": null
    },
    "77": {
      "name": "INPLACE_AND",
      "description": "Opcode INPLACE_AND (numeric code 77) in Python 3.10.",
      "description_vi": "Mã lệnh INPLACE_AND (số 77) trong Python 3.10.",
      "has_arg": false,
      "stack_effect_noarg": -1,
      "stack_effect_with_arg": null
    },
    "78": {
      "name": "INPLACE_XOR",
      "description": "Opcode INPLACE_XOR (numeric code 78) in Python 3.10.",
      "description_vi": "Mã lệnh INPLACE_XOR (số 78) trong Python 3.10.",
      "has_arg": false,
      "stack_effect_noarg": -1,
      "stack_effect_with_arg": null
    },
    "79": {
      "name": "INPLACE_OR",
      "description": "Opcode INPLACE_OR (numeric code 79) in Python 3.10.",
      "description_vi": "Mã lệnh INPLACE_OR (số 79) trong Python 3.10.",
      "has_arg": false,
      "stack_effect_noarg": -1,
      "stack_effect_with_arg": null
    },
    "82": {
      "name": "LIST_TO_TUPLE",
      "description": "Opcode LIST_TO_TUPLE (numeric code 82) in Python 3.10.",
      "description_vi": "Mã lệnh LIST_TO_TUPLE (số 82) trong Python 3.10.",
      "has_arg": false,
      "stack_effect_noarg": 0,
      "stack_effect_with_arg": null
    },
    "83": {
      "name": "RETURN_VALUE",
      "description": "Opcode RETURN_VALUE (numeric code 83) in Python 3.10.",
      "description_vi": "Mã lệnh RETURN_VALUE (số 83) trong Python 3.10.",
      "has_arg": false,
      "stack_effect_noarg": -1,
      "stack_effect_with_arg": null
    },
    "84": {
      "name": "IMPORT_STAR",
      "description": "Opcode IMPORT_STAR (numeric code 84) in Python 3.10.",
      "description_vi": "Mã lệnh IMPORT_STAR (số 84) trong Python 3.10.",
      "has_arg": false,
      "stack_effect_noarg": -1,
      "stack_effect_with_arg": null
    },
    "85": {
      "name": "SETUP_ANNOTATIONS",
      "description": "Opcode SETUP_ANNOTATIONS (numeric code 85) in Python 3.10.",
      "description_vi": "Mã lệnh SETUP_ANNOTATIONS (số 85) trong Python 3.10.",
      "has_arg": false,
      "stack_effect_noarg": 0,
      "stack_effect_with_arg": null
    },
    "86": {
      "name": "YIELD_VALUE",
      "description": "Opcode YIELD_VALUE (numeric code 86) in Python 3.10.",
      "description_vi": "Mã lệnh YIELD_VALUE (số 86) trong Python 3.10.",
      "has_arg": false,
      "stack_effect_noarg": 0,
      "stack_effect_with_arg": null
    },
    "87": {
      "name": "POP_BLOCK",
      "description": "Opcode POP_BLOCK (numeric code 87) in Python 3.10.",
      "description_vi": "Mã lệnh POP_BLOCK (số 87) trong Python 3.10.",
      "has_arg": false,
      "stack_effect_noarg": 0,
      "stack_effect_with_arg": null
    },
    "89": {
      "name": "POP_EXCEPT",
      "description": "Opcode POP_EXCEPT (numeric code 89) in Python 3.10.",
      "description_vi": "Mã lệnh POP_EXCEPT (số 89) trong Python 3.10.",
      "has_arg": false,
      "stack_effect_noarg": -3,
      "stack_effect_with_arg": null
    },
    "90": {
      "name": "STORE_NAME",
      "description": "Opcode STORE_NAME (numeric code 90) in Python 3.10.",
      "description_vi": "Mã lệnh STORE_NAME (số 90) trong Python 3.10.",
      "has_arg": true,
      "stack_effect_noarg": null,
      "stack_effect_with_arg": -1
    },
    "91": {
      "name": "DELETE_NAME",
      "description": "Opcode DELETE_NAME (numeric code 91) in Python 3.10.",
      "description_vi": "Mã lệnh DELETE_NAME (số 91) trong Python 3.10.",
      "has_arg": true,
      "stack_effect_noarg": null,
      "stack_effect_with_arg": 0
    },
    "92": {
      "name": "UNPACK_SEQUENCE",
      "description": "Opcode UNPACK_SEQUENCE (numeric code 92) in Python 3.10.",
      "description_vi": "Mã lệnh UNPACK_SEQUENCE (số 92) trong Python 3.10.",
      "has_arg": true,
      "stack_effect_noarg": null,
      "stack_effect_with_arg": -1
    },
    "93": {
      "name": "FOR_ITER",
      "description": "Opcode FOR_ITER (numeric code 93) in Python 3.10.",
      "description_vi": "Mã lệnh FOR_ITER (số 93) trong Python 3.10.",
      "has_arg": true,
      "stack_effect_noarg": null,
      "stack_effect_with_arg": 1
    },
    "94": {
      "name": "UNPACK_EX",
      "description": "Opcode UNPACK_EX (numeric code 94) in Python 3.10.",
      "description_vi": "Mã lệnh UNPACK_EX (số 94) trong Python 3.10.",
      "has_arg": true,
      "stack_effect_noarg": null,
      "stack_effect_with_arg": 0
    },
    "95": {
      "name": "STORE_ATTR",
      "description": "Opcode STORE_ATTR (numeric code 95) in Python 3.10.",
      "description_vi": "Mã lệnh STORE_ATTR (số 95) trong Python 3.10.",
      "has_arg": true,
      "stack_effect_noarg": null,
      "stack_effect_with_arg": -2
    },
    "96": {
      "name": "DELETE_ATTR",
      "description": "Opcode DELETE_ATTR (numeric code 96) in Python 3.10.",
      "description_vi": "Mã lệnh DELETE_ATTR (số 96) trong Python 3.10.",
      "has_arg": true,
      "stack_effect_noarg": null,
      "stack_effect_with_arg": -1
    },
    "97": {
      "name": "STORE_GLOBAL",
      "description": "Opcode STORE_GLOBAL (numeric code 97) in Python 3.10.",
      "description_vi": "Mã lệnh STORE_GLOBAL (số 97) trong Python 3.10.",
      "has_arg": true,
      "stack_effect_noarg": null,
      "stack_effect_with_arg": -1
    },
    "98": {
      "name": "DELETE_GLOBAL",
      "description": "Opcode DELETE_GLOBAL (numeric code 98) in Python 3.10.",
      "description_vi": "Mã lệnh DELETE_GLOBAL (số 98) trong Python 3.10.",
      "has_arg": true,
      "stack_effect_noarg": null,
      "stack_effect_with_arg": 0
    },
    "99": {
      "name": "ROT_N",
      "description": "Opcode ROT_N (numeric code 99) in Python 3.10.",
      "description_vi": "Mã lệnh ROT_N (số 99) trong Python 3.10.",
      "has_arg": true,
      "stack_effect_noarg": null,
      "stack_effect_with_arg": 0
    },
    "100": {
      "name": "LOAD_CONST",
      "description": "Opcode LOAD_CONST (numeric code 100) in Python 3.10.",
      "description_vi": "Mã lệnh LOAD_CONST (số 100) trong Python 3.10.",
      "has_arg": true,
      "stack_effect_noarg": null,
      "stack_effect_with_arg": 1
    },
    "101": {
      "name": "LOAD_NAME",
      "description": "Opcode LOAD_NAME (numeric code 101) in Python 3.10.",
      "description_vi": "Mã lệnh LOAD_NAME (số 101) trong Python 3.10.",
      "has_arg": true,
      "stack_effect_noarg": null,
      "stack_effect_with_arg": 1
    },
    "102": {
      "name": "BUILD_TUPLE",
      "description": "Opcode BUILD_TUPLE (numeric code 102) in Python 3.10.",
      "description_vi": "Mã lệnh BUILD_TUPLE (số 102) trong Python 3.10.",
      "has_arg": true,
      "stack_effect_noarg": null,
      "stack_effect_with_arg": 1
    },
    "103": {
      "name": "BUILD_LIST",
      "description": "Opcode BUILD_LIST (numeric code 103) in Python 3.10.",
      "description_vi": "Mã lệnh BUILD_LIST (số 103) trong Python 3.10.",
      "has_arg": true,
      "stack_effect_noarg": null,
      "stack_effect_with_arg": 1
    },
    "104": {
      "name": "BUILD_SET",
      "description": "Opcode BUILD_SET (numeric code 104) in Python 3.10.",
      "description_vi": "Mã lệnh BUILD_SET (số 104) trong Python 3.10.",
      "has_arg": true,
      "stack_effect_noarg": null,
      "stack_effect_with_arg": 1
    },
    "105": {
      "name": "BUILD_MAP",
      "description": "Opcode BUILD_MAP (numeric code 105) in Python 3.10.",
      "description_vi": "Mã lệnh BUILD_MAP (số 105) trong Python 3.10.",
      "has_arg": true,
      "stack_effect_noarg": null,
      "stack_effect_with_arg": 1
    },
    "106": {
      "name": "LOAD_ATTR",
      "description": "Opcode LOAD_ATTR (numeric code 106) in Python 3.10.",
      "description_vi": "Mã lệnh LOAD_ATTR (số 106) trong Python 3.10.",
      "has_arg": true,
      "stack_effect_noarg": null,
      "stack_effect_with_arg": 0
    },
    "107": {
      "name": "COMPARE_OP",
      "description": "Opcode COMPARE_OP (numeric code 107) in Python 3.10.",
      "description_vi": "Mã lệnh COMPARE_OP (số 107) trong Python 3.10.",
      "has_arg": true,
      "stack_effect_noarg": null,
      "stack_effect_with_arg": -1
    },
    "108": {
      "name": "IMPORT_NAME",
      "description": "Opcode IMPORT_NAME (numeric code 108) in Python 3.10.",
      "description_vi": "Mã lệnh IMPORT_NAME (số 108) trong Python 3.10.",
      "has_arg": true,
      "stack_effect_noarg": null,
      "stack_effect_with_arg": -1
    },
    "109": {
      "name": "IMPORT_FROM",
      "description": "Opcode IMPORT_FROM (numeric code 109) in Python 3.10.",
      "description_vi": "Mã lệnh IMPORT_FROM (số 109) trong Python 3.10.",
      "has_arg": true,
      "stack_effect_noarg": null,
      "stack_effect_with_arg": 1
    },
    "110": {
      "name": "JUMP_FORWARD",
      "description": "Opcode JUMP_FORWARD (numeric code 110) in Python 3.10.",
      "description_vi": "Mã lệnh JUMP_FORWARD (số 110) trong Python 3.10.",
      "has_arg": true,
      "stack_effect_noarg": null,
      "stack_effect_with_arg": 0
    },
    "111": {
      "name": "JUMP_IF_FALSE_OR_POP",
      "description": "Opcode JUMP_IF_FALSE_OR_POP (numeric code 111) in Python 3.10.",
      "description_vi": "Mã lệnh JUMP_IF_FALSE_OR_POP (số 111) trong Python 3.10.",
      "has_arg": true,
      "stack_effect_noarg": null,
      "stack_effect_with_arg": 0
    },
    "112": {
      "name": "JUMP_IF_TRUE_OR_POP",
      "description": "Opcode JUMP_IF_TRUE_OR_POP (numeric code 112) in Python 3.10.",
      "description_vi": "Mã lệnh JUMP_IF_TRUE_OR_POP (số 112) trong Python 3.10.",
      "has_arg": true,
      "stack_effect_noarg": null,
      "stack_effect_with_arg": 0
    },
    "113": {
      "name": "JUMP_ABSOLUTE",
      "description": "Opcode JUMP_ABSOLUTE (numeric code 113) in Python 3.10.",
      "description_vi": "Mã lệnh JUMP_ABSOLUTE (số 113) trong Python 3.10.",
      "has_arg": true,
      "stack_effect_noarg": null,
      "stack_effect_with_arg": 0
    },
    "114": {
      "name": "POP_JUMP_IF_FALSE",
      "description": "Opcode POP_JUMP_IF_FALSE (numeric code 114) in Python 3.10.",
      "description_vi": "Mã lệnh POP_JUMP_IF_FALSE (số 114) trong Python 3.10.",
      "has_arg": true,
      "stack_effect_noarg": null,
      "stack_effect_with_arg": -1
    },
    "115": {
      "name": "POP_JUMP_IF_TRUE",
      "description": "Opcode POP_JUMP_IF_TRUE (numeric code 115) in Python 3.10.",
      "description_vi": "Mã lệnh POP_JUMP_IF_TRUE (số 115) trong Python 3.10.",
      "has_arg": true,
      "stack_effect_noarg": null,
      "stack_effect_with_arg": -1
    },
    "116": {
      "name": "LOAD_GLOBAL",
      "description": "Opcode LOAD_GLOBAL (numeric code 116) in Python 3.10.",
      "description_vi": "Mã lệnh LOAD_GLOBAL (số 116) trong Python 3.10.",
      "has_arg": true,
      "stack_effect_noarg": null,
      "stack_effect_with_arg": 1
    },
    "117": {
      "name": "IS_OP",
      "description": "Opcode IS_OP (numeric code 117) in Python 3.10.",
      "description_vi": "Mã lệnh IS_OP (số 117) trong Python 3.10.",
      "has_arg": true,
      "stack_effect_noarg": null,
      "stack_effect_with_arg": -1
    },
    "118": {
      "name": "CONTAINS_OP",
      "description": "Opcode CONTAINS_OP (numeric code 118) in Python 3.10.",
      "description_vi": "Mã lệnh CONTAINS_OP (số 118) trong Python 3.10.",
      "has_arg": true,
      "stack_effect_noarg": null,
      "stack_effect_with_arg": -1
    },
    "119": {
      "name": "RERAISE",
      "description": "Opcode RERAISE (numeric code 119) in Python 3.10.",
      "description_vi": "Mã lệnh RERAISE (số 119) trong Python 3.10.",
      "has_arg": true,
      "stack_effect_noarg": null,
      "stack_effect_with_arg": -3
    },
    "121": {
      "name": "JUMP_IF_NOT_EXC_MATCH",
      "description": "Opcode JUMP_IF_NOT_EXC_MATCH (numeric code 121) in Python 3.10.",
      "description_vi": "Mã lệnh JUMP_IF_NOT_EXC_MATCH (số 121) trong Python 3.10.",
      "has_arg": true,
      "stack_effect_noarg": null,
      "stack_effect_with_arg": -2
    },
    "122": {
      "name": "SETUP_FINALLY",
      "description": "Opcode SETUP_FINALLY (numeric code 122) in Python 3.10.",
      "description_vi": "Mã lệnh SETUP_FINALLY (số 122) trong Python 3.10.",
      "has_arg": true,
      "stack_effect_noarg": null,
      "stack_effect_with_arg": 6
    },
    "124": {
      "name": "LOAD_FAST",
      "description": "Opcode LOAD_FAST (numeric code 124) in Python 3.10.",
      "description_vi": "Mã lệnh LOAD_FAST (số 124) trong Python 3.10.",
      "has_arg": true,
      "stack_effect_noarg": null,
      "stack_effect_with_arg": 1
    },
    "125": {
      "name": "STORE_FAST",
      "description": "Opcode STORE_FAST (numeric code 125) in Python 3.10.",
      "description_vi": "Mã lệnh STORE_FAST (số 125) trong Python 3.10.",
      "has_arg": true,
      "stack_effect_noarg": null,
      "stack_effect_with_arg": -1
    },
    "126": {
      "name": "DELETE_FAST",
      "description": "Opcode DELETE_FAST (numeric code 126) in Python 3.10.",
      "description_vi": "Mã lệnh DELETE_FAST (số 126) trong Python 3.10.",
      "has_arg": true,
      "stack_effect_noarg": null,
      "stack_effect_with_arg": 0
    },
    "129": {
      "name": "GEN_START",
      "description": "Opcode GEN_START (numeric code 129) in Python 3.10.",
      "description_vi": "Mã lệnh GEN_START (số 129) trong Python 3.10.",
      "has_arg": true,
      "stack_effect_noarg": null,
      "stack_effect_with_arg": -1
    },
    "130": {
      "name": "RAISE_VARARGS",
      "description": "Opcode RAISE_VARARGS (numeric code 130) in Python 3.10.",
      "description_vi": "Mã lệnh RAISE_VARARGS (số 130) trong Python 3.10.",
      "has_arg": true,
      "stack_effect_noarg": null,
      "stack_effect_with_arg": 0
    },
    "131": {
      "name": "CALL_FUNCTION",
      "description": "Opcode CALL_FUNCTION (numeric code 131) in Python 3.10.",
      "description_vi": "Mã lệnh CALL_FUNCTION (số 131) trong Python 3.10.",
      "has_arg": true,
      "stack_effect_noarg": null,
      "stack_effect_with_arg": 0
    },
    "132": {
      "name": "MAKE_FUNCTION",
      "description": "Opcode MAKE_FUNCTION (numeric code 132) in Python 3.10.",
      "description_vi": "Mã lệnh MAKE_FUNCTION (số 132) trong Python 3.10.",
      "has_arg": true,
      "stack_effect_noarg": null,
      "stack_effect_with_arg": -1
    },
    "133": {
      "name": "BUILD_SLICE",
      "description": "Opcode BUILD_SLICE (numeric code 133) in Python 3.10.",
      "description_vi": "Mã lệnh BUILD_SLICE (số 133) trong Python 3.10.",
      "has_arg": true,
      "stack_effect_noarg": null,
      "stack_effect_with_arg": -1
    },
    "135": {
      "name": "LOAD_CLOSURE",
      "description": "Opcode LOAD_CLOSURE (numeric code 135) in Python 3.10.",
      "description_vi": "Mã lệnh LOAD_CLOSURE (số 135) trong Python 3.10.",
      "has_arg": true,
      "stack_effect_noarg": null,
      "stack_effect_with_arg": 1
    },
    "136": {
      "name": "LOAD_DEREF",
      "description": "Opcode LOAD_DEREF (numeric code 136) in Python 3.10.",
      "description_vi": "Mã lệnh LOAD_DEREF (số 136) trong Python 3.10.",
      "has_arg": true,
      "stack_effect_noarg": null,
      "stack_effect_with_arg": 1
    },
    "137": {
      "name": "STORE_DEREF",
      "description": "Opcode STORE_DEREF (numeric code 137) in Python 3.10.",
      "description_vi": "Mã lệnh STORE_DEREF (số 137) trong Python 3.10.",
      "has_arg": true,
      "stack_effect_noarg": null,
      "stack_effect_with_arg": -1
    },
    "138": {
      "name": "DELETE_DEREF",
      "description": "Opcode DELETE_DEREF (numeric code 138) in Python 3.10.",
      "description_vi": "Mã lệnh DELETE_DEREF (số 138) trong Python 3.10.",
      "has_arg": true,
      "stack_effect_noarg": null,
      "stack_effect_with_arg": 0
    },
    "141": {
      "name": "CALL_FUNCTION_KW",
      "description": "Opcode CALL_FUNCTION_KW (numeric code 141) in Python 3.10.",
      "description_vi": "Mã lệnh CALL_FUNCTION_KW (số 141) trong Python 3.10.",
      "has_arg": true,
      "stack_effect_noarg": null,
      "stack_effect_with_arg": -1
    },
    "142": {
      "name": "CALL_FUNCTION_EX",
      "description": "Opcode CALL_FUNCTION_EX (numeric code 142) in Python 3.10.",
      "description_vi": "Mã lệnh CALL_FUNCTION_EX (số 142) trong Python 3.10.",
      "has_arg": true,
      "stack_effect_noarg": null,
      "stack_effect_with_arg": -1
    },
    "143": {
      "name": "SETUP_WITH",
      "description": "Opcode SETUP_WITH (numeric code 143) in Python 3.10.",
      "description_vi": "Mã lệnh SETUP_WITH (số 143) trong Python 3.10.",
      "has_arg": true,
      "stack_effect_noarg": null,
      "stack_effect_with_arg": 6
    },
    "144": {
      "name": "EXTENDED_ARG",
      "description": "Opcode EXTENDED_ARG (numeric code 144) in Python 3.10.",
      "description_vi": "Mã lệnh EXTENDED_ARG (số 144) trong Python 3.10.",
      "has_arg": true,
      "stack_effect_noarg": null,
      "stack_effect_with_arg": 0
    },
    "145": {
      "name": "LIST_APPEND",
      "description": "Opcode LIST_APPEND (numeric code 145) in Python 3.10.",
      "description_vi": "Mã lệnh LIST_APPEND (số 145) trong Python 3.10.",
      "has_arg": true,
      "stack_effect_noarg": null,
      "stack_effect_with_arg": -1
    },
    "146": {
      "name": "SET_ADD",
      "description": "Opcode SET_ADD (numeric code 146) in Python 3.10.",
      "description_vi": "Mã lệnh SET_ADD (số 146) trong Python 3.10.",
      "has_arg": true,
      "stack_effect_noarg": null,
      "stack_effect_with_arg": -1
    },
    "147": {
      "name": "MAP_ADD",
      "description": "Opcode MAP_ADD (numeric code 147) in Python 3.10.",
      "description_vi": "Mã lệnh MAP_ADD (số 147) trong Python 3.10.",
      "has_arg": true,
      "stack_effect_noarg": null,
      "stack_effect_with_arg": -2
    },
    "148": {
      "name": "LOAD_CLASSDEREF",
      "description": "Opcode LOAD_CLASSDEREF (numeric code 148) in Python 3.10.",
      "description_vi": "Mã lệnh LOAD_CLASSDEREF (số 148) trong Python 3.10.",
      "has_arg": true,
      "stack_effect_noarg": null,
      "stack_effect_with_arg": 1
    },
    "152": {
      "name": "MATCH_CLASS",
      "description": "Opcode MATCH_CLASS (numeric code 152) in Python 3.10.",
      "description_vi": "Mã lệnh MATCH_CLASS (số 152) trong Python 3.10.",
      "has_arg": true,
      "stack_effect_noarg": null,
      "stack_effect_with_arg": -1
    },
    "154": {
      "name": "SETUP_ASYNC_WITH",
      "description": "Opcode SETUP_ASYNC_WITH (numeric code 154) in Python 3.10.",
      "description_vi": "Mã lệnh SETUP_ASYNC_WITH (số 154) trong Python 3.10.",
      "has_arg": true,
      "stack_effect_noarg": null,
      "stack_effect_with_arg": 5
    },
    "155": {
      "name": "FORMAT_VALUE",
      "description": "Opcode FORMAT_VALUE (numeric code 155) in Python 3.10.",
      "description_vi": "Mã lệnh FORMAT_VALUE (số 155) trong Python 3.10.",
      "has_arg": true,
      "stack_effect_noarg": null,
      "stack_effect_with_arg": 0
    },
    "156": {
      "name": "BUILD_CONST_KEY_MAP",
      "description": "Opcode BUILD_CONST_KEY_MAP (numeric code 156) in Python 3.10.",
      "description_vi": "Mã lệnh BUILD_CONST_KEY_MAP (số 156) trong Python 3.10.",
      "has_arg": true,
      "stack_effect_noarg": null,
      "stack_effect_with_arg": 0
    },
    "157": {
      "name": "BUILD_STRING",
      "description": "Opcode BUILD_STRING (numeric code 157) in Python 3.10.",
      "description_vi": "Mã lệnh BUILD_STRING (số 157) trong Python 3.10.",
      "has_arg": true,
      "stack_effect_noarg": null,
      "stack_effect_with_arg": 1
    },
    "160": {
      "name": "LOAD_METHOD",
      "description": "Opcode LOAD_METHOD (numeric code 160) in Python 3.10.",
      "description_vi": "Mã lệnh LOAD_METHOD (số 160) trong Python 3.10.",
      "has_arg": true,
      "stack_effect_noarg": null,
      "stack_effect_with_arg": 1
    },
    "161": {
      "name": "CALL_METHOD",
      "description": "Opcode CALL_METHOD (numeric code 161) in Python 3.10.",
      "description_vi": "Mã lệnh CALL_METHOD (số 161) trong Python 3.10.",
      "has_arg": true,
      "stack_effect_noarg": null,
      "stack_effect_with_arg": -1
    },
    "162": {
      "name": "LIST_EXTEND",
      "description": "Opcode LIST_EXTEND (numeric code 162) in Python 3.10.",
      "description_vi": "Mã lệnh LIST_EXTEND (số 162) trong Python 3.10.",
      "has_arg": true,
      "stack_effect_noarg": null,
      "stack_effect_with_arg": -1
    },
    "163": {
      "name": "SET_UPDATE",
      "description": "Opcode SET_UPDATE (numeric code 163) in Python 3.10.",
      "description_vi": "Mã lệnh SET_UPDATE (số 163) trong Python 3.10.",
      "has_arg": true,
      "stack_effect_noarg": null,
      "stack_effect_with_arg": -1
    },
    "164": {
      "name": "DICT_MERGE",
      "description": "Opcode DICT_MERGE (numeric code 164) in Python 3.10.",
      "description_vi": "Mã lệnh DICT_MERGE (số 164) trong Python 3.10.",
      "has_arg": true,
      "stack_effect_noarg": null,
      "stack_effect_with_arg": -1
    },
    "165": {
      "name": "DICT_UPDATE",
      "description": "Opcode DICT_UPDATE (numeric code 165) in Python 3.10.",
      "description_vi": "Mã lệnh DICT_UPDATE (số 165) trong Python 3.10.",
      "has_arg": true,
      "stack_effect_noarg": null,
      "stack_effect_with_arg": -1
    }
  },
  "cmp_op": [
    "<",
    "<=",
    "==",
    "!=",
    ">",
    ">="
  ]
}